"","x"
"1","A"
"2","A"
"3","A"
"4","A"
"5","A"
"6","A"
"7","A"
"8","A"
"9","A"
"10","A"
"11","A"
"12","A"
"13","A"
"14","A"
"15","A"
"16","A"
"17","A"
"18","A"
"19","A"
"20","A"
"21","A"
"22","A"
"23","A"
"24","A"
"25","A"
"26","A"
"27","A"
"28","A"
"29","A"
"30","A"
"31","A"
"32","A"
"33","A"
"34","A"
"35","A"
"36","A"
"37","A"
"38","A"
"39","A"
"40","A"
"41","A"
"42","A"
"43","A"
"44","A"
"45","A"
"46","A"
"47","A"
"48","A"
"49","A"
"50","A"
"51","A"
"52","A"
"53","A"
"54","A"
"55","A"
"56","A"
"57","A"
"58","A"
"59","A"
"60","A"
"61","A"
"62","A"
"63","A"
"64","A"
"65","A"
"66","A"
"67","A"
"68","A"
"69","A"
"70","A"
"71","A"
"72","A"
"73","A"
"74","A"
"75","A"
"76","A"
"77","A"
"78","A"
"79","A"
"80","A"
"81","A"
"82","A"
"83","A"
"84","A"
"85","A"
"86","A"
"87","A"
"88","A"
"89","A"
"90","A"
"91","A"
"92","A"
"93","A"
"94","A"
"95","A"
"96","A"
"97","A"
"98","A"
"99","A"
"100","A"
"101","A"
"102","A"
"103","A"
"104","A"
"105","A"
"106","A"
"107","A"
"108","A"
"109","A"
"110","A"
"111","A"
"112","A"
"113","A"
"114","A"
"115","A"
"116","A"
"117","A"
"118","A"
"119","A"
"120","A"
"121","A"
"122","A"
"123","A"
"124","A"
"125","A"
"126","A"
"127","A"
"128","A"
"129","A"
"130","A"
"131","A"
"132","A"
"133","A"
"134","A"
"135","A"
"136","A"
"137","A"
"138","A"
"139","A"
"140","A"
"141","A"
"142","A"
"143","A"
"144","A"
"145","A"
"146","A"
"147","A"
"148","A"
"149","A"
"150","A"
"151","A"
"152","A"
"153","A"
"154","A"
"155","A"
"156","A"
"157","A"
"158","A"
"159","A"
"160","A"
"161","A"
"162","A"
"163","A"
"164","A"
"165","A"
"166","A"
"167","A"
"168","A"
"169","A"
"170","A"
"171","A"
"172","A"
"173","A"
"174","A"
"175","A"
"176","A"
"177","A"
"178","A"
"179","A"
"180","A"
"181","A"
"182","A"
"183","A"
"184","A"
"185","A"
"186","A"
"187","A"
"188","A"
"189","A"
"190","A"
"191","A"
"192","A"
"193","A"
"194","A"
"195","A"
"196","A"
"197","A"
"198","A"
"199","A"
"200","A"
"201","A"
"202","A"
"203","A"
"204","A"
"205","A"
"206","A"
"207","A"
"208","A"
"209","A"
"210","A"
"211","A"
"212","A"
"213","A"
"214","A"
"215","A"
"216","A"
"217","A"
"218","A"
"219","A"
"220","A"
"221","A"
"222","A"
"223","A"
"224","A"
"225","A"
"226","A"
"227","A"
"228","A"
"229","A"
"230","A"
"231","A"
"232","A"
"233","A"
"234","A"
"235","A"
"236","A"
"237","A"
"238","A"
"239","A"
"240","A"
"241","A"
"242","A"
"243","A"
"244","A"
"245","A"
"246","A"
"247","A"
"248","A"
"249","A"
"250","A"
"251","A"
"252","A"
"253","A"
"254","A"
"255","A"
"256","A"
"257","A"
"258","A"
"259","A"
"260","A"
"261","A"
"262","A"
"263","A"
"264","A"
"265","A"
"266","A"
"267","A"
"268","A"
"269","A"
"270","A"
"271","A"
"272","A"
"273","A"
"274","A"
"275","A"
"276","A"
"277","A"
"278","A"
"279","A"
"280","A"
"281","A"
"282","A"
"283","A"
"284","A"
"285","A"
"286","A"
"287","A"
"288","A"
"289","A"
"290","A"
"291","A"
"292","A"
"293","A"
"294","A"
"295","A"
"296","A"
"297","A"
"298","A"
"299","A"
"300","A"
"301","A"
"302","A"
"303","A"
"304","A"
"305","A"
"306","A"
"307","A"
"308","A"
"309","A"
"310","A"
"311","A"
"312","A"
"313","A"
"314","A"
"315","A"
"316","A"
"317","A"
"318","A"
"319","A"
"320","A"
"321","A"
"322","A"
"323","A"
"324","A"
"325","A"
"326","A"
"327","A"
"328","A"
"329","A"
"330","A"
"331","A"
"332","A"
"333","A"
"334","A"
"335","A"
"336","A"
"337","A"
"338","A"
"339","A"
"340","A"
"341","A"
"342","A"
"343","A"
"344","A"
"345","A"
"346","A"
"347","A"
"348","A"
"349","A"
"350","A"
"351","A"
"352","A"
"353","A"
"354","A"
"355","A"
"356","A"
"357","A"
"358","A"
"359","A"
"360","A"
"361","A"
"362","A"
"363","A"
"364","A"
"365","A"
"366","A"
"367","A"
"368","A"
"369","A"
"370","A"
"371","A"
"372","A"
"373","A"
"374","A"
"375","A"
"376","A"
"377","A"
"378","A"
"379","A"
"380","A"
"381","A"
"382","A"
"383","A"
"384","A"
"385","A"
"386","A"
"387","A"
"388","A"
"389","A"
"390","A"
"391","A"
"392","A"
"393","A"
"394","A"
"395","A"
"396","A"
"397","A"
"398","A"
"399","A"
"400","A"
"401","A"
"402","A"
"403","A"
"404","A"
"405","A"
"406","A"
"407","A"
"408","A"
"409","A"
"410","A"
"411","A"
"412","A"
"413","A"
"414","A"
"415","A"
"416","A"
"417","A"
"418","A"
"419","A"
"420","A"
"421","A"
"422","A"
"423","A"
"424","A"
"425","A"
"426","A"
"427","A"
"428","A"
"429","A"
"430","A"
"431","A"
"432","A"
"433","A"
"434","A"
"435","A"
"436","A"
"437","A"
"438","A"
"439","A"
"440","A"
"441","A"
"442","A"
"443","A"
"444","A"
"445","A"
"446","A"
"447","A"
"448","A"
"449","A"
"450","A"
"451","A"
"452","A"
"453","A"
"454","A"
"455","A"
"456","A"
"457","A"
"458","A"
"459","A"
"460","A"
"461","A"
"462","A"
"463","A"
"464","A"
"465","A"
"466","A"
"467","A"
"468","A"
"469","A"
"470","A"
"471","A"
"472","A"
"473","A"
"474","A"
"475","A"
"476","A"
"477","A"
"478","A"
"479","A"
"480","A"
"481","A"
"482","A"
"483","A"
"484","A"
"485","A"
"486","A"
"487","A"
"488","A"
"489","A"
"490","A"
"491","A"
"492","A"
"493","A"
"494","A"
"495","A"
"496","A"
"497","A"
"498","A"
"499","A"
"500","A"
"501","A"
"502","A"
"503","A"
"504","A"
"505","A"
"506","A"
"507","A"
"508","A"
"509","A"
"510","A"
"511","A"
"512","A"
"513","A"
"514","A"
"515","A"
"516","A"
"517","A"
"518","A"
"519","A"
"520","A"
"521","A"
"522","A"
"523","A"
"524","A"
"525","A"
"526","A"
"527","A"
"528","A"
"529","A"
"530","A"
"531","A"
"532","A"
"533","A"
"534","A"
"535","A"
"536","A"
"537","A"
"538","A"
"539","A"
"540","A"
"541","A"
"542","A"
"543","A"
"544","A"
"545","A"
"546","A"
"547","A"
"548","A"
"549","A"
"550","A"
"551","A"
"552","A"
"553","A"
"554","A"
"555","A"
"556","A"
"557","A"
"558","A"
"559","A"
"560","A"
"561","A"
"562","A"
"563","A"
"564","A"
"565","A"
"566","A"
"567","A"
"568","A"
"569","A"
"570","A"
"571","A"
"572","A"
"573","A"
"574","A"
"575","A"
"576","A"
"577","A"
"578","A"
"579","A"
"580","A"
"581","A"
"582","A"
"583","A"
"584","A"
"585","A"
"586","A"
"587","A"
"588","A"
"589","A"
"590","A"
"591","A"
"592","A"
"593","A"
"594","A"
"595","A"
"596","A"
"597","A"
"598","A"
"599","A"
"600","A"
"601","A"
"602","A"
"603","A"
"604","A"
"605","A"
"606","A"
"607","A"
"608","A"
"609","A"
"610","A"
"611","A"
"612","A"
"613","A"
"614","A"
"615","A"
"616","A"
"617","A"
"618","A"
"619","A"
"620","A"
"621","A"
"622","A"
"623","A"
"624","A"
"625","A"
"626","A"
"627","A"
"628","A"
"629","A"
"630","A"
"631","A"
"632","A"
"633","A"
"634","A"
"635","A"
"636","A"
"637","A"
"638","A"
"639","A"
"640","A"
"641","A"
"642","A"
"643","A"
"644","A"
"645","A"
"646","A"
"647","A"
"648","A"
"649","A"
"650","A"
"651","A"
"652","A"
"653","A"
"654","A"
"655","A"
"656","A"
"657","A"
"658","A"
"659","A"
"660","A"
"661","A"
"662","A"
"663","A"
"664","A"
"665","A"
"666","A"
"667","A"
"668","A"
"669","A"
"670","A"
"671","A"
"672","A"
"673","A"
"674","A"
"675","A"
"676","A"
"677","A"
"678","A"
"679","A"
"680","A"
"681","A"
"682","A"
"683","A"
"684","A"
"685","A"
"686","A"
"687","A"
"688","A"
"689","A"
"690","A"
"691","A"
"692","A"
"693","A"
"694","A"
"695","A"
"696","A"
"697","A"
"698","A"
"699","A"
"700","A"
"701","A"
"702","A"
"703","A"
"704","A"
"705","A"
"706","A"
"707","A"
"708","A"
"709","A"
"710","A"
"711","A"
"712","A"
"713","A"
"714","A"
"715","A"
"716","A"
"717","A"
"718","A"
"719","A"
"720","A"
"721","A"
"722","A"
"723","A"
"724","A"
"725","A"
"726","A"
"727","A"
"728","A"
"729","A"
"730","A"
"731","A"
"732","A"
"733","A"
"734","A"
"735","A"
"736","A"
"737","A"
"738","A"
"739","A"
"740","A"
"741","A"
"742","A"
"743","A"
"744","A"
"745","A"
"746","A"
"747","A"
"748","A"
"749","A"
"750","A"
"751","A"
"752","A"
"753","A"
"754","A"
"755","A"
"756","A"
"757","A"
"758","A"
"759","A"
"760","A"
"761","A"
"762","A"
"763","A"
"764","A"
"765","A"
"766","A"
"767","A"
"768","A"
"769","A"
"770","A"
"771","A"
"772","A"
"773","A"
"774","A"
"775","A"
"776","A"
"777","A"
"778","A"
"779","A"
"780","A"
"781","A"
"782","A"
"783","A"
"784","A"
"785","A"
"786","A"
"787","A"
"788","A"
"789","A"
"790","A"
"791","A"
"792","A"
"793","A"
"794","A"
"795","A"
"796","A"
"797","A"
"798","A"
"799","A"
"800","A"
"801","A"
"802","A"
"803","A"
"804","A"
"805","A"
"806","A"
"807","A"
"808","A"
"809","A"
"810","A"
"811","A"
"812","A"
"813","A"
"814","A"
"815","A"
"816","A"
"817","A"
"818","A"
"819","A"
"820","A"
"821","A"
"822","A"
"823","A"
"824","A"
"825","A"
"826","A"
"827","A"
"828","A"
"829","A"
"830","A"
"831","A"
"832","A"
"833","A"
"834","A"
"835","A"
"836","A"
"837","A"
"838","A"
"839","A"
"840","A"
"841","A"
"842","A"
"843","A"
"844","A"
"845","A"
"846","A"
"847","A"
"848","A"
"849","A"
"850","A"
"851","A"
"852","A"
"853","A"
"854","A"
"855","A"
"856","A"
"857","A"
"858","A"
"859","A"
"860","A"
"861","A"
"862","A"
"863","A"
"864","A"
"865","A"
"866","A"
"867","A"
"868","A"
"869","A"
"870","A"
"871","A"
"872","A"
"873","A"
"874","A"
"875","A"
"876","A"
"877","A"
"878","A"
"879","A"
"880","A"
"881","A"
"882","A"
"883","A"
"884","A"
"885","A"
"886","A"
"887","A"
"888","A"
"889","A"
"890","A"
"891","A"
"892","A"
"893","A"
"894","A"
"895","A"
"896","A"
"897","A"
"898","A"
"899","A"
"900","A"
"901","A"
"902","A"
"903","A"
"904","A"
"905","A"
"906","A"
"907","A"
"908","A"
"909","A"
"910","A"
"911","A"
"912","A"
"913","A"
"914","A"
"915","A"
"916","A"
"917","A"
"918","A"
"919","A"
"920","A"
"921","A"
"922","A"
"923","A"
"924","A"
"925","A"
"926","A"
"927","A"
"928","A"
"929","A"
"930","A"
"931","A"
"932","A"
"933","A"
"934","A"
"935","A"
"936","A"
"937","A"
"938","A"
"939","A"
"940","A"
"941","A"
"942","A"
"943","A"
"944","A"
"945","A"
"946","A"
"947","A"
"948","A"
"949","A"
"950","A"
"951","A"
"952","A"
"953","A"
"954","A"
"955","A"
"956","A"
"957","A"
"958","A"
"959","A"
"960","A"
"961","A"
"962","A"
"963","A"
"964","A"
"965","A"
"966","A"
"967","A"
"968","A"
"969","A"
"970","A"
"971","A"
"972","A"
"973","A"
"974","A"
"975","A"
"976","A"
"977","A"
"978","A"
"979","A"
"980","A"
"981","A"
"982","A"
"983","A"
"984","A"
"985","A"
"986","A"
"987","A"
"988","A"
"989","A"
"990","A"
"991","A"
"992","A"
"993","A"
"994","A"
"995","A"
"996","A"
"997","A"
"998","A"
"999","A"
"1000","A"
"1001","A"
"1002","A"
"1003","A"
"1004","A"
"1005","A"
"1006","A"
"1007","A"
"1008","A"
"1009","A"
"1010","A"
"1011","A"
"1012","A"
"1013","A"
"1014","A"
"1015","A"
"1016","A"
"1017","A"
"1018","A"
"1019","A"
"1020","A"
"1021","A"
"1022","A"
"1023","A"
"1024","A"
"1025","A"
"1026","A"
"1027","A"
"1028","A"
"1029","A"
"1030","A"
"1031","A"
"1032","A"
"1033","A"
"1034","A"
"1035","A"
"1036","A"
"1037","A"
"1038","A"
"1039","A"
"1040","A"
"1041","A"
"1042","A"
"1043","A"
"1044","A"
"1045","A"
"1046","A"
"1047","A"
"1048","A"
"1049","A"
"1050","A"
"1051","A"
"1052","A"
"1053","A"
"1054","A"
"1055","A"
"1056","A"
"1057","A"
"1058","A"
"1059","A"
"1060","A"
"1061","A"
"1062","A"
"1063","A"
"1064","A"
"1065","A"
"1066","A"
"1067","A"
"1068","A"
"1069","A"
"1070","A"
"1071","A"
"1072","A"
"1073","A"
"1074","A"
"1075","A"
"1076","A"
"1077","A"
"1078","A"
"1079","A"
"1080","A"
"1081","A"
"1082","A"
"1083","A"
"1084","A"
"1085","A"
"1086","A"
"1087","A"
"1088","A"
"1089","A"
"1090","A"
"1091","A"
"1092","A"
"1093","A"
"1094","A"
"1095","A"
"1096","A"
"1097","A"
"1098","A"
"1099","A"
"1100","A"
"1101","A"
"1102","A"
"1103","A"
"1104","A"
"1105","A"
"1106","A"
"1107","A"
"1108","A"
"1109","A"
"1110","A"
"1111","A"
"1112","A"
"1113","A"
"1114","A"
"1115","A"
"1116","A"
"1117","A"
"1118","A"
"1119","A"
"1120","A"
"1121","A"
"1122","A"
"1123","A"
"1124","A"
"1125","A"
"1126","A"
"1127","A"
"1128","A"
"1129","A"
"1130","A"
"1131","A"
"1132","A"
"1133","A"
"1134","A"
"1135","A"
"1136","A"
"1137","A"
"1138","A"
"1139","A"
"1140","A"
"1141","A"
"1142","A"
"1143","A"
"1144","A"
"1145","A"
"1146","A"
"1147","A"
"1148","A"
"1149","A"
"1150","A"
"1151","A"
"1152","A"
"1153","A"
"1154","A"
"1155","A"
"1156","A"
"1157","A"
"1158","A"
"1159","A"
"1160","A"
"1161","A"
"1162","A"
"1163","A"
"1164","A"
"1165","A"
"1166","A"
"1167","A"
"1168","A"
"1169","A"
"1170","A"
"1171","A"
"1172","A"
"1173","A"
"1174","A"
"1175","A"
"1176","A"
"1177","B"
"1178","B"
"1179","B"
"1180","B"
"1181","B"
"1182","B"
"1183","B"
"1184","B"
"1185","B"
"1186","B"
"1187","B"
"1188","B"
"1189","B"
"1190","B"
"1191","B"
"1192","B"
"1193","B"
"1194","B"
"1195","B"
"1196","B"
"1197","B"
"1198","B"
"1199","B"
"1200","B"
"1201","B"
"1202","B"
"1203","B"
"1204","B"
"1205","B"
"1206","B"
"1207","B"
"1208","B"
"1209","B"
"1210","B"
"1211","B"
"1212","B"
"1213","B"
"1214","B"
"1215","B"
"1216","B"
"1217","B"
"1218","B"
"1219","B"
"1220","B"
"1221","B"
"1222","B"
"1223","B"
"1224","B"
"1225","B"
"1226","B"
"1227","B"
"1228","B"
"1229","B"
"1230","B"
"1231","B"
"1232","B"
"1233","B"
"1234","B"
"1235","B"
"1236","B"
"1237","B"
"1238","B"
"1239","B"
"1240","B"
"1241","B"
"1242","B"
"1243","B"
"1244","B"
"1245","B"
"1246","B"
"1247","B"
"1248","B"
"1249","B"
"1250","B"
"1251","B"
"1252","B"
"1253","B"
"1254","B"
"1255","B"
"1256","B"
"1257","B"
"1258","B"
"1259","B"
"1260","B"
"1261","B"
"1262","B"
"1263","B"
"1264","B"
"1265","B"
"1266","B"
"1267","B"
"1268","B"
"1269","B"
"1270","B"
"1271","B"
"1272","B"
"1273","B"
"1274","B"
"1275","B"
"1276","B"
"1277","B"
"1278","B"
"1279","B"
"1280","B"
"1281","B"
"1282","B"
"1283","B"
"1284","B"
"1285","B"
"1286","B"
"1287","B"
"1288","B"
"1289","B"
"1290","B"
"1291","B"
"1292","B"
"1293","B"
"1294","B"
"1295","B"
"1296","B"
"1297","B"
"1298","B"
"1299","B"
"1300","B"
"1301","B"
"1302","B"
"1303","B"
"1304","B"
"1305","B"
"1306","B"
"1307","B"
"1308","B"
"1309","B"
"1310","B"
"1311","B"
"1312","B"
"1313","B"
"1314","B"
"1315","B"
"1316","B"
"1317","B"
"1318","B"
"1319","B"
"1320","B"
"1321","B"
"1322","B"
"1323","B"
"1324","B"
"1325","B"
"1326","B"
"1327","B"
"1328","B"
"1329","B"
"1330","B"
"1331","B"
"1332","B"
"1333","B"
"1334","B"
"1335","B"
"1336","B"
"1337","B"
"1338","B"
"1339","B"
"1340","B"
"1341","B"
"1342","B"
"1343","B"
"1344","B"
"1345","B"
"1346","B"
"1347","B"
"1348","B"
"1349","B"
"1350","B"
"1351","B"
"1352","B"
"1353","B"
"1354","B"
"1355","B"
"1356","B"
"1357","B"
"1358","B"
"1359","B"
"1360","B"
"1361","B"
"1362","B"
"1363","B"
"1364","B"
"1365","B"
"1366","B"
"1367","B"
"1368","B"
"1369","B"
"1370","B"
"1371","B"
"1372","B"
"1373","B"
"1374","B"
"1375","B"
"1376","B"
"1377","B"
"1378","B"
"1379","B"
"1380","B"
"1381","B"
"1382","B"
"1383","B"
"1384","B"
"1385","B"
"1386","B"
"1387","B"
"1388","B"
"1389","B"
"1390","B"
"1391","B"
"1392","B"
"1393","B"
"1394","B"
"1395","B"
"1396","B"
"1397","B"
"1398","B"
"1399","B"
"1400","B"
"1401","B"
"1402","B"
"1403","B"
"1404","B"
"1405","B"
"1406","B"
"1407","B"
"1408","B"
"1409","B"
"1410","B"
"1411","B"
"1412","B"
"1413","B"
"1414","B"
"1415","B"
"1416","B"
"1417","B"
"1418","B"
"1419","B"
"1420","B"
"1421","B"
"1422","B"
"1423","B"
"1424","B"
"1425","B"
"1426","B"
"1427","B"
"1428","B"
"1429","B"
"1430","B"
"1431","B"
"1432","B"
"1433","B"
"1434","B"
"1435","B"
"1436","B"
"1437","B"
"1438","B"
"1439","B"
"1440","B"
"1441","B"
"1442","B"
"1443","B"
"1444","B"
"1445","B"
"1446","B"
"1447","B"
"1448","B"
"1449","B"
"1450","B"
"1451","B"
"1452","B"
"1453","B"
"1454","B"
"1455","B"
"1456","B"
"1457","B"
"1458","B"
"1459","B"
"1460","B"
"1461","B"
"1462","B"
"1463","B"
"1464","B"
"1465","B"
"1466","B"
"1467","B"
"1468","B"
"1469","B"
"1470","B"
"1471","B"
"1472","B"
"1473","B"
"1474","B"
"1475","B"
"1476","B"
"1477","B"
"1478","B"
"1479","B"
"1480","B"
"1481","B"
"1482","B"
"1483","B"
"1484","B"
"1485","B"
"1486","B"
"1487","B"
"1488","B"
"1489","B"
"1490","B"
"1491","B"
"1492","B"
"1493","B"
"1494","B"
"1495","B"
"1496","B"
"1497","B"
"1498","B"
"1499","B"
"1500","B"
"1501","B"
"1502","B"
"1503","B"
"1504","B"
"1505","B"
"1506","B"
"1507","B"
"1508","B"
"1509","B"
"1510","B"
"1511","B"
"1512","B"
"1513","B"
"1514","B"
"1515","B"
"1516","B"
"1517","B"
"1518","B"
"1519","B"
"1520","B"
"1521","B"
"1522","B"
"1523","B"
"1524","B"
"1525","B"
"1526","B"
"1527","B"
"1528","B"
"1529","B"
"1530","B"
"1531","B"
"1532","B"
"1533","B"
"1534","B"
"1535","B"
"1536","B"
"1537","B"
"1538","B"
"1539","B"
"1540","B"
"1541","B"
"1542","B"
"1543","B"
"1544","B"
"1545","B"
"1546","B"
"1547","B"
"1548","B"
"1549","B"
"1550","B"
"1551","B"
"1552","B"
"1553","B"
"1554","B"
"1555","B"
"1556","B"
"1557","B"
"1558","B"
"1559","B"
"1560","B"
"1561","B"
"1562","B"
"1563","B"
"1564","B"
"1565","B"
"1566","B"
"1567","B"
"1568","B"
"1569","B"
"1570","B"
"1571","B"
"1572","B"
"1573","B"
"1574","B"
"1575","B"
"1576","B"
"1577","B"
"1578","B"
"1579","B"
"1580","B"
"1581","B"
"1582","B"
"1583","B"
"1584","B"
"1585","B"
"1586","B"
"1587","B"
"1588","B"
"1589","B"
"1590","B"
"1591","B"
"1592","B"
"1593","B"
"1594","B"
"1595","B"
"1596","B"
"1597","B"
"1598","B"
"1599","B"
"1600","B"
"1601","B"
"1602","B"
"1603","B"
"1604","B"
"1605","B"
"1606","B"
"1607","B"
"1608","B"
"1609","B"
"1610","B"
"1611","B"
"1612","B"
"1613","B"
"1614","B"
"1615","B"
"1616","B"
"1617","B"
"1618","B"
"1619","B"
"1620","B"
"1621","B"
"1622","B"
"1623","B"
"1624","B"
"1625","B"
"1626","B"
"1627","B"
"1628","B"
"1629","B"
"1630","B"
"1631","B"
"1632","B"
"1633","B"
"1634","B"
"1635","B"
"1636","B"
"1637","B"
"1638","B"
"1639","B"
"1640","B"
"1641","B"
"1642","B"
"1643","B"
"1644","B"
"1645","B"
"1646","B"
"1647","B"
"1648","B"
"1649","B"
"1650","B"
"1651","B"
"1652","B"
"1653","B"
"1654","B"
"1655","B"
"1656","B"
"1657","B"
"1658","B"
"1659","B"
"1660","B"
"1661","B"
"1662","B"
"1663","B"
"1664","B"
"1665","B"
"1666","B"
"1667","B"
"1668","B"
"1669","B"
"1670","B"
"1671","B"
"1672","B"
"1673","B"
"1674","B"
"1675","B"
"1676","B"
"1677","B"
"1678","B"
"1679","B"
"1680","B"
"1681","B"
"1682","B"
"1683","B"
"1684","B"
"1685","B"
"1686","B"
"1687","B"
"1688","B"
"1689","B"
"1690","B"
"1691","B"
"1692","B"
"1693","B"
"1694","B"
"1695","B"
"1696","B"
"1697","B"
"1698","B"
"1699","B"
"1700","B"
"1701","B"
"1702","B"
"1703","B"
"1704","B"
"1705","B"
"1706","B"
"1707","B"
"1708","B"
"1709","B"
"1710","B"
"1711","B"
"1712","B"
"1713","B"
"1714","B"
"1715","B"
"1716","B"
"1717","B"
"1718","B"
"1719","B"
"1720","B"
"1721","B"
"1722","B"
"1723","B"
"1724","B"
"1725","B"
"1726","B"
"1727","B"
"1728","B"
"1729","B"
"1730","B"
"1731","B"
"1732","B"
"1733","B"
"1734","B"
"1735","B"
"1736","B"
"1737","B"
"1738","B"
"1739","B"
"1740","B"
"1741","B"
"1742","B"
"1743","B"
"1744","B"
"1745","B"
"1746","B"
"1747","B"
"1748","B"
"1749","B"
"1750","B"
"1751","B"
"1752","B"
"1753","B"
"1754","B"
"1755","B"
"1756","B"
"1757","B"
"1758","B"
"1759","B"
"1760","B"
"1761","B"
"1762","B"
"1763","B"
"1764","B"
"1765","B"
"1766","B"
"1767","B"
"1768","B"
"1769","B"
"1770","B"
"1771","B"
"1772","B"
"1773","B"
"1774","B"
"1775","B"
"1776","B"
"1777","B"
"1778","B"
"1779","B"
"1780","B"
"1781","B"
"1782","B"
"1783","B"
"1784","B"
"1785","B"
"1786","B"
"1787","B"
"1788","B"
"1789","B"
"1790","B"
"1791","B"
"1792","B"
"1793","B"
"1794","B"
"1795","B"
"1796","B"
"1797","B"
"1798","B"
"1799","B"
"1800","B"
"1801","B"
"1802","B"
"1803","B"
"1804","B"
"1805","B"
"1806","B"
"1807","B"
"1808","B"
"1809","B"
"1810","B"
"1811","B"
"1812","B"
"1813","B"
"1814","B"
"1815","B"
"1816","B"
"1817","B"
"1818","B"
"1819","B"
"1820","B"
"1821","B"
"1822","B"
"1823","B"
"1824","B"
"1825","B"
"1826","B"
"1827","B"
"1828","B"
"1829","B"
"1830","B"
"1831","B"
"1832","B"
"1833","B"
"1834","B"
"1835","B"
"1836","B"
"1837","B"
"1838","B"
"1839","B"
"1840","B"
"1841","B"
"1842","B"
"1843","B"
"1844","B"
"1845","B"
"1846","B"
"1847","B"
"1848","B"
"1849","B"
"1850","B"
"1851","B"
"1852","B"
"1853","B"
"1854","B"
"1855","B"
"1856","B"
"1857","B"
"1858","B"
"1859","B"
"1860","B"
"1861","B"
"1862","B"
"1863","B"
"1864","B"
"1865","B"
"1866","B"
"1867","B"
"1868","B"
"1869","B"
"1870","B"
"1871","B"
"1872","B"
"1873","B"
"1874","B"
"1875","B"
"1876","B"
"1877","B"
"1878","B"
"1879","B"
"1880","B"
"1881","B"
"1882","B"
"1883","B"
"1884","B"
"1885","B"
"1886","B"
"1887","B"
"1888","B"
"1889","B"
"1890","B"
"1891","B"
"1892","B"
"1893","B"
"1894","B"
"1895","B"
"1896","B"
"1897","B"
"1898","B"
"1899","B"
"1900","B"
"1901","B"
"1902","B"
"1903","B"
"1904","B"
"1905","B"
"1906","B"
"1907","B"
"1908","B"
"1909","B"
"1910","B"
"1911","B"
"1912","B"
"1913","B"
"1914","B"
"1915","B"
"1916","B"
"1917","B"
"1918","B"
"1919","B"
"1920","B"
"1921","B"
"1922","B"
"1923","B"
"1924","B"
"1925","B"
"1926","B"
"1927","B"
"1928","B"
"1929","B"
"1930","B"
"1931","B"
"1932","B"
"1933","B"
"1934","B"
"1935","B"
"1936","B"
"1937","B"
"1938","B"
"1939","B"
"1940","B"
"1941","B"
"1942","B"
"1943","B"
"1944","B"
"1945","B"
"1946","B"
"1947","B"
"1948","B"
"1949","B"
"1950","B"
"1951","B"
"1952","B"
"1953","B"
"1954","B"
"1955","B"
"1956","B"
"1957","B"
"1958","B"
"1959","B"
"1960","B"
"1961","B"
"1962","B"
"1963","B"
"1964","B"
"1965","B"
"1966","C"
"1967","C"
"1968","C"
"1969","C"
"1970","C"
"1971","C"
"1972","C"
"1973","C"
"1974","C"
"1975","C"
"1976","C"
"1977","C"
"1978","C"
"1979","C"
"1980","C"
"1981","C"
"1982","C"
"1983","C"
"1984","C"
"1985","C"
"1986","C"
"1987","C"
"1988","C"
"1989","C"
"1990","C"
"1991","C"
"1992","C"
"1993","C"
"1994","C"
"1995","C"
"1996","C"
"1997","C"
"1998","C"
"1999","C"
"2000","C"
"2001","C"
"2002","C"
"2003","C"
"2004","C"
"2005","C"
"2006","C"
"2007","C"
"2008","C"
"2009","C"
"2010","C"
"2011","C"
"2012","C"
"2013","C"
"2014","C"
"2015","C"
"2016","C"
"2017","C"
"2018","C"
"2019","C"
"2020","C"
"2021","C"
"2022","C"
"2023","C"
"2024","C"
"2025","C"
"2026","C"
"2027","C"
"2028","C"
"2029","C"
"2030","C"
"2031","C"
"2032","C"
"2033","C"
"2034","C"
"2035","C"
"2036","C"
"2037","C"
"2038","C"
"2039","C"
"2040","C"
"2041","C"
"2042","C"
"2043","C"
"2044","C"
"2045","C"
"2046","C"
"2047","C"
"2048","C"
"2049","C"
"2050","C"
"2051","C"
"2052","C"
"2053","C"
"2054","C"
"2055","C"
"2056","C"
"2057","C"
"2058","C"
"2059","C"
"2060","C"
"2061","C"
"2062","C"
"2063","C"
"2064","C"
"2065","C"
"2066","C"
"2067","C"
"2068","C"
"2069","C"
"2070","C"
"2071","C"
"2072","C"
"2073","C"
"2074","C"
"2075","C"
"2076","C"
"2077","C"
"2078","C"
"2079","C"
"2080","C"
"2081","C"
"2082","C"
"2083","C"
"2084","C"
"2085","C"
"2086","C"
"2087","C"
"2088","C"
"2089","C"
"2090","C"
"2091","C"
"2092","C"
"2093","C"
"2094","C"
"2095","C"
"2096","C"
"2097","C"
"2098","C"
"2099","C"
"2100","C"
"2101","C"
"2102","C"
"2103","C"
"2104","C"
"2105","C"
"2106","C"
"2107","C"
"2108","C"
"2109","C"
"2110","C"
"2111","C"
"2112","C"
"2113","C"
"2114","C"
"2115","C"
"2116","C"
"2117","C"
"2118","C"
"2119","C"
"2120","C"
"2121","C"
"2122","C"
"2123","C"
"2124","C"
"2125","C"
"2126","C"
"2127","C"
"2128","C"
"2129","C"
"2130","C"
"2131","C"
"2132","C"
"2133","C"
"2134","C"
"2135","C"
"2136","C"
"2137","C"
"2138","C"
"2139","C"
"2140","C"
"2141","C"
"2142","C"
"2143","C"
"2144","C"
"2145","C"
"2146","C"
"2147","C"
"2148","C"
"2149","C"
"2150","C"
"2151","C"
"2152","C"
"2153","C"
"2154","C"
"2155","C"
"2156","C"
"2157","C"
"2158","C"
"2159","C"
"2160","C"
"2161","C"
"2162","C"
"2163","C"
"2164","C"
"2165","C"
"2166","C"
"2167","C"
"2168","C"
"2169","C"
"2170","C"
"2171","C"
"2172","C"
"2173","C"
"2174","C"
"2175","C"
"2176","C"
"2177","C"
"2178","C"
"2179","C"
"2180","C"
"2181","C"
"2182","C"
"2183","C"
"2184","C"
"2185","C"
"2186","C"
"2187","C"
"2188","C"
"2189","C"
"2190","C"
"2191","C"
"2192","C"
"2193","C"
"2194","C"
"2195","C"
"2196","C"
"2197","C"
"2198","C"
"2199","C"
"2200","C"
"2201","C"
"2202","C"
"2203","C"
"2204","C"
"2205","C"
"2206","C"
"2207","C"
"2208","C"
"2209","C"
"2210","C"
"2211","C"
"2212","C"
"2213","C"
"2214","C"
"2215","C"
"2216","C"
"2217","C"
"2218","C"
"2219","C"
"2220","C"
"2221","C"
"2222","C"
"2223","C"
"2224","C"
"2225","C"
"2226","C"
"2227","C"
"2228","C"
"2229","C"
"2230","C"
"2231","C"
"2232","C"
"2233","C"
"2234","C"
"2235","C"
"2236","C"
"2237","C"
"2238","C"
"2239","C"
"2240","C"
"2241","C"
"2242","C"
"2243","C"
"2244","C"
"2245","C"
"2246","C"
"2247","C"
"2248","C"
"2249","C"
"2250","C"
"2251","C"
"2252","C"
"2253","C"
"2254","C"
"2255","C"
"2256","C"
"2257","C"
"2258","C"
"2259","C"
"2260","C"
"2261","C"
"2262","C"
"2263","C"
"2264","C"
"2265","C"
"2266","C"
"2267","C"
"2268","C"
"2269","C"
"2270","C"
"2271","C"
"2272","C"
"2273","C"
"2274","C"
"2275","C"
"2276","C"
"2277","C"
"2278","C"
"2279","C"
"2280","C"
"2281","C"
"2282","C"
"2283","C"
"2284","C"
"2285","C"
"2286","C"
"2287","C"
"2288","C"
"2289","C"
"2290","C"
"2291","C"
"2292","C"
"2293","C"
"2294","C"
"2295","C"
"2296","C"
"2297","C"
"2298","C"
"2299","C"
"2300","C"
"2301","C"
"2302","C"
"2303","C"
"2304","C"
"2305","C"
"2306","C"
"2307","C"
"2308","C"
"2309","C"
"2310","C"
"2311","C"
"2312","C"
"2313","C"
"2314","C"
"2315","C"
"2316","C"
"2317","C"
"2318","C"
"2319","C"
"2320","C"
"2321","C"
"2322","C"
"2323","C"
"2324","C"
"2325","C"
"2326","C"
"2327","C"
"2328","C"
"2329","C"
"2330","C"
"2331","C"
"2332","C"
"2333","C"
"2334","C"
"2335","C"
"2336","C"
"2337","C"
"2338","C"
"2339","C"
"2340","C"
"2341","C"
"2342","C"
"2343","C"
"2344","C"
"2345","C"
"2346","C"
"2347","C"
"2348","C"
"2349","C"
"2350","C"
"2351","C"
"2352","C"
"2353","C"
"2354","C"
"2355","C"
"2356","C"
"2357","C"
"2358","C"
"2359","C"
"2360","C"
"2361","C"
"2362","C"
"2363","C"
"2364","C"
"2365","C"
"2366","C"
"2367","C"
"2368","C"
"2369","C"
"2370","C"
"2371","C"
"2372","C"
"2373","C"
"2374","C"
"2375","C"
"2376","C"
"2377","C"
"2378","C"
"2379","C"
"2380","C"
"2381","C"
"2382","C"
"2383","C"
"2384","C"
"2385","C"
"2386","C"
"2387","C"
"2388","C"
"2389","C"
"2390","C"
"2391","C"
"2392","C"
"2393","C"
"2394","C"
"2395","C"
"2396","C"
"2397","C"
"2398","C"
"2399","C"
"2400","C"
"2401","C"
"2402","C"
"2403","C"
"2404","C"
"2405","C"
"2406","C"
"2407","C"
"2408","C"
"2409","C"
"2410","C"
"2411","C"
"2412","C"
"2413","C"
"2414","C"
"2415","C"
"2416","C"
"2417","C"
"2418","C"
"2419","C"
"2420","C"
"2421","C"
"2422","C"
"2423","C"
"2424","C"
"2425","C"
"2426","C"
"2427","C"
"2428","C"
"2429","C"
"2430","C"
"2431","C"
"2432","C"
"2433","C"
"2434","C"
"2435","C"
"2436","C"
"2437","C"
"2438","C"
"2439","C"
"2440","C"
"2441","C"
"2442","C"
"2443","C"
"2444","C"
"2445","C"
"2446","C"
"2447","C"
"2448","C"
"2449","C"
"2450","C"
"2451","C"
"2452","C"
"2453","C"
"2454","C"
"2455","C"
"2456","C"
"2457","C"
"2458","C"
"2459","C"
"2460","C"
"2461","C"
"2462","C"
"2463","C"
"2464","C"
"2465","C"
"2466","C"
"2467","C"
"2468","C"
"2469","C"
"2470","C"
"2471","C"
"2472","C"
"2473","C"
"2474","C"
"2475","C"
"2476","C"
"2477","C"
"2478","C"
"2479","C"
"2480","C"
"2481","C"
"2482","C"
"2483","C"
"2484","C"
"2485","C"
"2486","C"
"2487","C"
"2488","C"
"2489","C"
"2490","C"
"2491","C"
"2492","C"
"2493","C"
"2494","C"
"2495","C"
"2496","C"
"2497","C"
"2498","C"
"2499","C"
"2500","C"
"2501","C"
"2502","C"
"2503","C"
"2504","C"
"2505","C"
"2506","C"
"2507","C"
"2508","C"
"2509","C"
"2510","C"
"2511","C"
"2512","C"
"2513","C"
"2514","C"
"2515","C"
"2516","C"
"2517","C"
"2518","C"
"2519","C"
"2520","C"
"2521","C"
"2522","C"
"2523","C"
"2524","C"
"2525","C"
"2526","C"
"2527","C"
"2528","C"
"2529","C"
"2530","C"
"2531","C"
"2532","C"
"2533","C"
"2534","C"
"2535","C"
"2536","C"
"2537","C"
"2538","C"
"2539","C"
"2540","C"
"2541","C"
"2542","C"
"2543","C"
"2544","C"
"2545","C"
"2546","C"
"2547","C"
"2548","C"
"2549","C"
"2550","C"
"2551","C"
"2552","C"
"2553","C"
"2554","C"
"2555","C"
"2556","C"
"2557","C"
"2558","C"
"2559","C"
"2560","C"
"2561","C"
"2562","C"
"2563","C"
"2564","C"
"2565","C"
"2566","C"
"2567","C"
"2568","C"
"2569","C"
"2570","C"
"2571","C"
"2572","C"
"2573","C"
"2574","C"
"2575","C"
"2576","C"
"2577","C"
"2578","C"
"2579","C"
"2580","C"
"2581","C"
"2582","C"
"2583","C"
"2584","C"
"2585","C"
"2586","C"
"2587","C"
"2588","C"
"2589","C"
"2590","C"
"2591","C"
"2592","C"
"2593","C"
"2594","C"
"2595","C"
"2596","C"
"2597","C"
"2598","C"
"2599","C"
"2600","C"
"2601","C"
"2602","C"
"2603","C"
"2604","C"
"2605","C"
"2606","C"
"2607","C"
"2608","C"
"2609","C"
"2610","C"
"2611","C"
"2612","C"
"2613","C"
"2614","C"
"2615","C"
"2616","C"
"2617","C"
"2618","C"
"2619","C"
"2620","C"
"2621","C"
"2622","C"
"2623","C"
"2624","C"
"2625","C"
"2626","C"
"2627","C"
"2628","C"
"2629","C"
"2630","C"
"2631","C"
"2632","C"
"2633","C"
"2634","C"
"2635","C"
"2636","C"
"2637","C"
"2638","C"
"2639","C"
"2640","C"
"2641","C"
"2642","C"
"2643","C"
"2644","C"
"2645","C"
"2646","C"
"2647","C"
"2648","C"
"2649","C"
"2650","C"
"2651","C"
"2652","C"
"2653","C"
"2654","C"
"2655","C"
"2656","C"
"2657","C"
"2658","C"
"2659","C"
"2660","C"
"2661","C"
"2662","C"
"2663","C"
"2664","C"
"2665","C"
"2666","C"
"2667","C"
"2668","C"
"2669","C"
"2670","C"
"2671","C"
"2672","C"
"2673","C"
"2674","C"
"2675","C"
"2676","C"
"2677","C"
"2678","C"
"2679","C"
"2680","C"
"2681","C"
"2682","C"
"2683","C"
"2684","C"
"2685","C"
"2686","C"
"2687","C"
"2688","C"
"2689","C"
"2690","C"
"2691","C"
"2692","C"
"2693","C"
"2694","C"
"2695","C"
"2696","C"
"2697","C"
"2698","D"
"2699","D"
"2700","D"
"2701","D"
"2702","D"
"2703","D"
"2704","D"
"2705","D"
"2706","D"
"2707","D"
"2708","D"
"2709","D"
"2710","D"
"2711","D"
"2712","D"
"2713","D"
"2714","D"
"2715","D"
"2716","D"
"2717","D"
"2718","D"
"2719","D"
"2720","D"
"2721","D"
"2722","D"
"2723","D"
"2724","D"
"2725","D"
"2726","D"
"2727","D"
"2728","D"
"2729","D"
"2730","D"
"2731","D"
"2732","D"
"2733","D"
"2734","D"
"2735","D"
"2736","D"
"2737","D"
"2738","D"
"2739","D"
"2740","D"
"2741","D"
"2742","D"
"2743","D"
"2744","D"
"2745","D"
"2746","D"
"2747","D"
"2748","D"
"2749","D"
"2750","D"
"2751","D"
"2752","D"
"2753","D"
"2754","D"
"2755","D"
"2756","D"
"2757","D"
"2758","D"
"2759","D"
"2760","D"
"2761","D"
"2762","D"
"2763","D"
"2764","D"
"2765","D"
"2766","D"
"2767","D"
"2768","D"
"2769","D"
"2770","D"
"2771","D"
"2772","D"
"2773","D"
"2774","D"
"2775","D"
"2776","D"
"2777","D"
"2778","D"
"2779","D"
"2780","D"
"2781","D"
"2782","D"
"2783","D"
"2784","D"
"2785","D"
"2786","D"
"2787","D"
"2788","D"
"2789","D"
"2790","D"
"2791","D"
"2792","D"
"2793","D"
"2794","D"
"2795","D"
"2796","D"
"2797","D"
"2798","D"
"2799","D"
"2800","D"
"2801","D"
"2802","D"
"2803","D"
"2804","D"
"2805","D"
"2806","D"
"2807","D"
"2808","D"
"2809","D"
"2810","D"
"2811","D"
"2812","D"
"2813","D"
"2814","D"
"2815","D"
"2816","D"
"2817","D"
"2818","D"
"2819","D"
"2820","D"
"2821","D"
"2822","D"
"2823","D"
"2824","D"
"2825","D"
"2826","D"
"2827","D"
"2828","D"
"2829","D"
"2830","D"
"2831","D"
"2832","D"
"2833","D"
"2834","D"
"2835","D"
"2836","D"
"2837","D"
"2838","D"
"2839","D"
"2840","D"
"2841","D"
"2842","D"
"2843","D"
"2844","D"
"2845","D"
"2846","D"
"2847","D"
"2848","D"
"2849","D"
"2850","D"
"2851","D"
"2852","D"
"2853","D"
"2854","D"
"2855","D"
"2856","D"
"2857","D"
"2858","D"
"2859","D"
"2860","D"
"2861","D"
"2862","D"
"2863","D"
"2864","D"
"2865","D"
"2866","D"
"2867","D"
"2868","D"
"2869","D"
"2870","D"
"2871","D"
"2872","D"
"2873","D"
"2874","D"
"2875","D"
"2876","D"
"2877","D"
"2878","D"
"2879","D"
"2880","D"
"2881","D"
"2882","D"
"2883","D"
"2884","D"
"2885","D"
"2886","D"
"2887","D"
"2888","D"
"2889","D"
"2890","D"
"2891","D"
"2892","D"
"2893","D"
"2894","D"
"2895","D"
"2896","D"
"2897","D"
"2898","D"
"2899","D"
"2900","D"
"2901","D"
"2902","D"
"2903","D"
"2904","D"
"2905","D"
"2906","D"
"2907","D"
"2908","D"
"2909","D"
"2910","D"
"2911","D"
"2912","D"
"2913","D"
"2914","D"
"2915","D"
"2916","D"
"2917","D"
"2918","D"
"2919","D"
"2920","D"
"2921","D"
"2922","D"
"2923","D"
"2924","D"
"2925","D"
"2926","D"
"2927","D"
"2928","D"
"2929","D"
"2930","D"
"2931","D"
"2932","D"
"2933","D"
"2934","D"
"2935","D"
"2936","D"
"2937","D"
"2938","D"
"2939","D"
"2940","D"
"2941","D"
"2942","D"
"2943","D"
"2944","D"
"2945","D"
"2946","D"
"2947","D"
"2948","D"
"2949","D"
"2950","D"
"2951","D"
"2952","D"
"2953","D"
"2954","D"
"2955","D"
"2956","D"
"2957","D"
"2958","D"
"2959","D"
"2960","D"
"2961","D"
"2962","D"
"2963","D"
"2964","D"
"2965","D"
"2966","D"
"2967","D"
"2968","D"
"2969","D"
"2970","D"
"2971","D"
"2972","D"
"2973","D"
"2974","D"
"2975","D"
"2976","D"
"2977","D"
"2978","D"
"2979","D"
"2980","D"
"2981","D"
"2982","D"
"2983","D"
"2984","D"
"2985","D"
"2986","D"
"2987","D"
"2988","D"
"2989","D"
"2990","D"
"2991","D"
"2992","D"
"2993","D"
"2994","D"
"2995","D"
"2996","D"
"2997","D"
"2998","D"
"2999","D"
"3000","D"
"3001","D"
"3002","D"
"3003","D"
"3004","D"
"3005","D"
"3006","D"
"3007","D"
"3008","D"
"3009","D"
"3010","D"
"3011","D"
"3012","D"
"3013","D"
"3014","D"
"3015","D"
"3016","D"
"3017","D"
"3018","D"
"3019","D"
"3020","D"
"3021","D"
"3022","D"
"3023","D"
"3024","D"
"3025","D"
"3026","D"
"3027","D"
"3028","D"
"3029","D"
"3030","D"
"3031","D"
"3032","D"
"3033","D"
"3034","D"
"3035","D"
"3036","D"
"3037","D"
"3038","D"
"3039","D"
"3040","D"
"3041","D"
"3042","D"
"3043","D"
"3044","D"
"3045","D"
"3046","D"
"3047","D"
"3048","D"
"3049","D"
"3050","D"
"3051","D"
"3052","D"
"3053","D"
"3054","D"
"3055","D"
"3056","D"
"3057","D"
"3058","D"
"3059","D"
"3060","D"
"3061","D"
"3062","D"
"3063","D"
"3064","D"
"3065","D"
"3066","D"
"3067","D"
"3068","D"
"3069","D"
"3070","D"
"3071","D"
"3072","D"
"3073","D"
"3074","D"
"3075","D"
"3076","D"
"3077","D"
"3078","D"
"3079","D"
"3080","D"
"3081","D"
"3082","D"
"3083","D"
"3084","D"
"3085","D"
"3086","D"
"3087","D"
"3088","D"
"3089","D"
"3090","D"
"3091","D"
"3092","D"
"3093","D"
"3094","D"
"3095","D"
"3096","D"
"3097","D"
"3098","D"
"3099","D"
"3100","D"
"3101","D"
"3102","D"
"3103","D"
"3104","D"
"3105","D"
"3106","D"
"3107","D"
"3108","D"
"3109","D"
"3110","D"
"3111","D"
"3112","D"
"3113","D"
"3114","D"
"3115","D"
"3116","D"
"3117","D"
"3118","D"
"3119","D"
"3120","D"
"3121","D"
"3122","D"
"3123","D"
"3124","D"
"3125","D"
"3126","D"
"3127","D"
"3128","D"
"3129","D"
"3130","D"
"3131","D"
"3132","D"
"3133","D"
"3134","D"
"3135","D"
"3136","D"
"3137","D"
"3138","D"
"3139","D"
"3140","D"
"3141","D"
"3142","D"
"3143","D"
"3144","D"
"3145","D"
"3146","D"
"3147","D"
"3148","D"
"3149","D"
"3150","D"
"3151","D"
"3152","D"
"3153","D"
"3154","D"
"3155","D"
"3156","D"
"3157","D"
"3158","D"
"3159","D"
"3160","D"
"3161","D"
"3162","D"
"3163","D"
"3164","D"
"3165","D"
"3166","D"
"3167","D"
"3168","D"
"3169","D"
"3170","D"
"3171","D"
"3172","D"
"3173","D"
"3174","D"
"3175","D"
"3176","D"
"3177","D"
"3178","D"
"3179","D"
"3180","D"
"3181","D"
"3182","D"
"3183","D"
"3184","D"
"3185","D"
"3186","D"
"3187","D"
"3188","D"
"3189","D"
"3190","D"
"3191","D"
"3192","D"
"3193","D"
"3194","D"
"3195","D"
"3196","D"
"3197","D"
"3198","D"
"3199","D"
"3200","D"
"3201","D"
"3202","D"
"3203","D"
"3204","D"
"3205","D"
"3206","D"
"3207","D"
"3208","D"
"3209","D"
"3210","D"
"3211","D"
"3212","D"
"3213","D"
"3214","D"
"3215","D"
"3216","D"
"3217","D"
"3218","D"
"3219","D"
"3220","D"
"3221","D"
"3222","D"
"3223","D"
"3224","D"
"3225","D"
"3226","D"
"3227","D"
"3228","D"
"3229","D"
"3230","D"
"3231","D"
"3232","D"
"3233","D"
"3234","D"
"3235","D"
"3236","D"
"3237","D"
"3238","D"
"3239","D"
"3240","D"
"3241","D"
"3242","D"
"3243","D"
"3244","D"
"3245","D"
"3246","D"
"3247","D"
"3248","D"
"3249","D"
"3250","D"
"3251","D"
"3252","D"
"3253","D"
"3254","D"
"3255","D"
"3256","D"
"3257","D"
"3258","D"
"3259","D"
"3260","D"
"3261","D"
"3262","D"
"3263","D"
"3264","D"
"3265","D"
"3266","D"
"3267","D"
"3268","D"
"3269","D"
"3270","D"
"3271","D"
"3272","D"
"3273","D"
"3274","D"
"3275","D"
"3276","D"
"3277","D"
"3278","D"
"3279","D"
"3280","D"
"3281","D"
"3282","D"
"3283","D"
"3284","D"
"3285","D"
"3286","D"
"3287","D"
"3288","D"
"3289","D"
"3290","D"
"3291","D"
"3292","D"
"3293","D"
"3294","D"
"3295","D"
"3296","D"
"3297","D"
"3298","D"
"3299","D"
"3300","D"
"3301","D"
"3302","D"
"3303","D"
"3304","D"
"3305","D"
"3306","D"
"3307","D"
"3308","D"
"3309","D"
"3310","D"
"3311","D"
"3312","D"
"3313","D"
"3314","D"
"3315","D"
"3316","D"
"3317","D"
"3318","D"
"3319","D"
"3320","D"
"3321","D"
"3322","D"
"3323","D"
"3324","D"
"3325","D"
"3326","D"
"3327","D"
"3328","D"
"3329","D"
"3330","D"
"3331","D"
"3332","D"
"3333","D"
"3334","D"
"3335","D"
"3336","D"
"3337","D"
"3338","D"
"3339","D"
"3340","D"
"3341","D"
"3342","D"
"3343","D"
"3344","D"
"3345","D"
"3346","D"
"3347","D"
"3348","D"
"3349","D"
"3350","D"
"3351","D"
"3352","D"
"3353","D"
"3354","D"
"3355","D"
"3356","D"
"3357","D"
"3358","D"
"3359","D"
"3360","D"
"3361","D"
"3362","D"
"3363","D"
"3364","D"
"3365","D"
"3366","D"
"3367","D"
"3368","D"
"3369","D"
"3370","D"
"3371","D"
"3372","D"
"3373","D"
"3374","D"
"3375","D"
"3376","D"
"3377","E"
"3378","E"
"3379","E"
"3380","E"
"3381","E"
"3382","E"
"3383","E"
"3384","E"
"3385","E"
"3386","E"
"3387","E"
"3388","E"
"3389","E"
"3390","E"
"3391","E"
"3392","E"
"3393","E"
"3394","E"
"3395","E"
"3396","E"
"3397","E"
"3398","E"
"3399","E"
"3400","E"
"3401","E"
"3402","E"
"3403","E"
"3404","E"
"3405","E"
"3406","E"
"3407","E"
"3408","E"
"3409","E"
"3410","E"
"3411","E"
"3412","E"
"3413","E"
"3414","E"
"3415","E"
"3416","E"
"3417","E"
"3418","E"
"3419","E"
"3420","E"
"3421","E"
"3422","E"
"3423","E"
"3424","E"
"3425","E"
"3426","E"
"3427","E"
"3428","E"
"3429","E"
"3430","E"
"3431","E"
"3432","E"
"3433","E"
"3434","E"
"3435","E"
"3436","E"
"3437","E"
"3438","E"
"3439","E"
"3440","E"
"3441","E"
"3442","E"
"3443","E"
"3444","E"
"3445","E"
"3446","E"
"3447","E"
"3448","E"
"3449","E"
"3450","E"
"3451","E"
"3452","E"
"3453","E"
"3454","E"
"3455","E"
"3456","E"
"3457","E"
"3458","E"
"3459","E"
"3460","E"
"3461","E"
"3462","E"
"3463","E"
"3464","E"
"3465","E"
"3466","E"
"3467","E"
"3468","E"
"3469","E"
"3470","E"
"3471","E"
"3472","E"
"3473","E"
"3474","E"
"3475","E"
"3476","E"
"3477","E"
"3478","E"
"3479","E"
"3480","E"
"3481","E"
"3482","E"
"3483","E"
"3484","E"
"3485","E"
"3486","E"
"3487","E"
"3488","E"
"3489","E"
"3490","E"
"3491","E"
"3492","E"
"3493","E"
"3494","E"
"3495","E"
"3496","E"
"3497","E"
"3498","E"
"3499","E"
"3500","E"
"3501","E"
"3502","E"
"3503","E"
"3504","E"
"3505","E"
"3506","E"
"3507","E"
"3508","E"
"3509","E"
"3510","E"
"3511","E"
"3512","E"
"3513","E"
"3514","E"
"3515","E"
"3516","E"
"3517","E"
"3518","E"
"3519","E"
"3520","E"
"3521","E"
"3522","E"
"3523","E"
"3524","E"
"3525","E"
"3526","E"
"3527","E"
"3528","E"
"3529","E"
"3530","E"
"3531","E"
"3532","E"
"3533","E"
"3534","E"
"3535","E"
"3536","E"
"3537","E"
"3538","E"
"3539","E"
"3540","E"
"3541","E"
"3542","E"
"3543","E"
"3544","E"
"3545","E"
"3546","E"
"3547","E"
"3548","E"
"3549","E"
"3550","E"
"3551","E"
"3552","E"
"3553","E"
"3554","E"
"3555","E"
"3556","E"
"3557","E"
"3558","E"
"3559","E"
"3560","E"
"3561","E"
"3562","E"
"3563","E"
"3564","E"
"3565","E"
"3566","E"
"3567","E"
"3568","E"
"3569","E"
"3570","E"
"3571","E"
"3572","E"
"3573","E"
"3574","E"
"3575","E"
"3576","E"
"3577","E"
"3578","E"
"3579","E"
"3580","E"
"3581","E"
"3582","E"
"3583","E"
"3584","E"
"3585","E"
"3586","E"
"3587","E"
"3588","E"
"3589","E"
"3590","E"
"3591","E"
"3592","E"
"3593","E"
"3594","E"
"3595","E"
"3596","E"
"3597","E"
"3598","E"
"3599","E"
"3600","E"
"3601","E"
"3602","E"
"3603","E"
"3604","E"
"3605","E"
"3606","E"
"3607","E"
"3608","E"
"3609","E"
"3610","E"
"3611","E"
"3612","E"
"3613","E"
"3614","E"
"3615","E"
"3616","E"
"3617","E"
"3618","E"
"3619","E"
"3620","E"
"3621","E"
"3622","E"
"3623","E"
"3624","E"
"3625","E"
"3626","E"
"3627","E"
"3628","E"
"3629","E"
"3630","E"
"3631","E"
"3632","E"
"3633","E"
"3634","E"
"3635","E"
"3636","E"
"3637","E"
"3638","E"
"3639","E"
"3640","E"
"3641","E"
"3642","E"
"3643","E"
"3644","E"
"3645","E"
"3646","E"
"3647","E"
"3648","E"
"3649","E"
"3650","E"
"3651","E"
"3652","E"
"3653","E"
"3654","E"
"3655","E"
"3656","E"
"3657","E"
"3658","E"
"3659","E"
"3660","E"
"3661","E"
"3662","E"
"3663","E"
"3664","E"
"3665","E"
"3666","E"
"3667","E"
"3668","E"
"3669","E"
"3670","E"
"3671","E"
"3672","E"
"3673","E"
"3674","E"
"3675","E"
"3676","E"
"3677","E"
"3678","E"
"3679","E"
"3680","E"
"3681","E"
"3682","E"
"3683","E"
"3684","E"
"3685","E"
"3686","E"
"3687","E"
"3688","E"
"3689","E"
"3690","E"
"3691","E"
"3692","E"
"3693","E"
"3694","E"
"3695","E"
"3696","E"
"3697","E"
"3698","E"
"3699","E"
"3700","E"
"3701","E"
"3702","E"
"3703","E"
"3704","E"
"3705","E"
"3706","E"
"3707","E"
"3708","E"
"3709","E"
"3710","E"
"3711","E"
"3712","E"
"3713","E"
"3714","E"
"3715","E"
"3716","E"
"3717","E"
"3718","E"
"3719","E"
"3720","E"
"3721","E"
"3722","E"
"3723","E"
"3724","E"
"3725","E"
"3726","E"
"3727","E"
"3728","E"
"3729","E"
"3730","E"
"3731","E"
"3732","E"
"3733","E"
"3734","E"
"3735","E"
"3736","E"
"3737","E"
"3738","E"
"3739","E"
"3740","E"
"3741","E"
"3742","E"
"3743","E"
"3744","E"
"3745","E"
"3746","E"
"3747","E"
"3748","E"
"3749","E"
"3750","E"
"3751","E"
"3752","E"
"3753","E"
"3754","E"
"3755","E"
"3756","E"
"3757","E"
"3758","E"
"3759","E"
"3760","E"
"3761","E"
"3762","E"
"3763","E"
"3764","E"
"3765","E"
"3766","E"
"3767","E"
"3768","E"
"3769","E"
"3770","E"
"3771","E"
"3772","E"
"3773","E"
"3774","E"
"3775","E"
"3776","E"
"3777","E"
"3778","E"
"3779","E"
"3780","E"
"3781","E"
"3782","E"
"3783","E"
"3784","E"
"3785","E"
"3786","E"
"3787","E"
"3788","E"
"3789","E"
"3790","E"
"3791","E"
"3792","E"
"3793","E"
"3794","E"
"3795","E"
"3796","E"
"3797","E"
"3798","E"
"3799","E"
"3800","E"
"3801","E"
"3802","E"
"3803","E"
"3804","E"
"3805","E"
"3806","E"
"3807","E"
"3808","E"
"3809","E"
"3810","E"
"3811","E"
"3812","E"
"3813","E"
"3814","E"
"3815","E"
"3816","E"
"3817","E"
"3818","E"
"3819","E"
"3820","E"
"3821","E"
"3822","E"
"3823","E"
"3824","E"
"3825","E"
"3826","E"
"3827","E"
"3828","E"
"3829","E"
"3830","E"
"3831","E"
"3832","E"
"3833","E"
"3834","E"
"3835","E"
"3836","E"
"3837","E"
"3838","E"
"3839","E"
"3840","E"
"3841","E"
"3842","E"
"3843","E"
"3844","E"
"3845","E"
"3846","E"
"3847","E"
"3848","E"
"3849","E"
"3850","E"
"3851","E"
"3852","E"
"3853","E"
"3854","E"
"3855","E"
"3856","E"
"3857","E"
"3858","E"
"3859","E"
"3860","E"
"3861","E"
"3862","E"
"3863","E"
"3864","E"
"3865","E"
"3866","E"
"3867","E"
"3868","E"
"3869","E"
"3870","E"
"3871","E"
"3872","E"
"3873","E"
"3874","E"
"3875","E"
"3876","E"
"3877","E"
"3878","E"
"3879","E"
"3880","E"
"3881","E"
"3882","E"
"3883","E"
"3884","E"
"3885","E"
"3886","E"
"3887","E"
"3888","E"
"3889","E"
"3890","E"
"3891","E"
"3892","E"
"3893","E"
"3894","E"
"3895","E"
"3896","E"
"3897","E"
"3898","E"
"3899","E"
"3900","E"
"3901","E"
"3902","E"
"3903","E"
"3904","E"
"3905","E"
"3906","E"
"3907","E"
"3908","E"
"3909","E"
"3910","E"
"3911","E"
"3912","E"
"3913","E"
"3914","E"
"3915","E"
"3916","E"
"3917","E"
"3918","E"
"3919","E"
"3920","E"
"3921","E"
"3922","E"
"3923","E"
"3924","E"
"3925","E"
"3926","E"
"3927","E"
"3928","E"
"3929","E"
"3930","E"
"3931","E"
"3932","E"
"3933","E"
"3934","E"
"3935","E"
"3936","E"
"3937","E"
"3938","E"
"3939","E"
"3940","E"
"3941","E"
"3942","E"
"3943","E"
"3944","E"
"3945","E"
"3946","E"
"3947","E"
"3948","E"
"3949","E"
"3950","E"
"3951","E"
"3952","E"
"3953","E"
"3954","E"
"3955","E"
"3956","E"
"3957","E"
"3958","E"
"3959","E"
"3960","E"
"3961","E"
"3962","E"
"3963","E"
"3964","E"
"3965","E"
"3966","E"
"3967","E"
"3968","E"
"3969","E"
"3970","E"
"3971","E"
"3972","E"
"3973","E"
"3974","E"
"3975","E"
"3976","E"
"3977","E"
"3978","E"
"3979","E"
"3980","E"
"3981","E"
"3982","E"
"3983","E"
"3984","E"
"3985","E"
"3986","E"
"3987","E"
"3988","E"
"3989","E"
"3990","E"
"3991","E"
"3992","E"
"3993","E"
"3994","E"
"3995","E"
"3996","E"
"3997","E"
"3998","E"
"3999","E"
"4000","E"
"4001","E"
"4002","E"
"4003","E"
"4004","E"
"4005","E"
"4006","E"
"4007","E"
"4008","E"
"4009","E"
"4010","E"
"4011","E"
"4012","E"
"4013","E"
"4014","E"
"4015","E"
"4016","E"
"4017","E"
"4018","E"
"4019","E"
"4020","E"
"4021","E"
"4022","E"
"4023","E"
"4024","E"
"4025","E"
"4026","E"
"4027","E"
"4028","E"
"4029","E"
"4030","E"
"4031","E"
"4032","E"
"4033","E"
"4034","E"
"4035","E"
"4036","E"
"4037","E"
"4038","E"
"4039","E"
"4040","E"
"4041","E"
"4042","E"
"4043","E"
"4044","E"
"4045","E"
"4046","E"
"4047","E"
"4048","E"
"4049","E"
"4050","E"
"4051","E"
"4052","E"
"4053","E"
"4054","E"
"4055","E"
"4056","E"
"4057","E"
"4058","E"
"4059","E"
"4060","E"
"4061","E"
"4062","E"
"4063","E"
"4064","E"
"4065","E"
"4066","E"
"4067","E"
"4068","E"
"4069","E"
"4070","E"
"4071","E"
"4072","E"
"4073","E"
"4074","E"
"4075","E"
"4076","E"
"4077","E"
"4078","E"
"4079","E"
"4080","E"
"4081","E"
"4082","E"
"4083","E"
"4084","E"
"4085","E"
"4086","E"
"4087","E"
"4088","E"
"4089","E"
"4090","E"
"4091","E"
"4092","E"
"4093","E"
"4094","E"
"4095","E"
"4096","E"
"4097","E"
"4098","E"
"4099","E"
"4100","E"
"4101","E"
"4102","E"
"4103","E"
"4104","E"
"4105","E"
"4106","E"
"4107","E"
"4108","E"
"4109","E"
"4110","E"
"4111","E"
"4112","E"
"4113","E"
"4114","E"
"4115","E"
"4116","E"
"4117","E"
"4118","E"
"4119","E"
"4120","E"
"4121","E"
"4122","E"
"4123","E"
"4124","E"
"4125","E"
"4126","E"
"4127","E"
